sample	forward read	reverse read
240826Chi_D24-13561	/orcd/data/chisholm/001/chisholmlab/experiment_repository/2024/240826Chi/D24-13561-6880L/240826Chi_D24-13561_1_sequence.fastq	/orcd/data/chisholm/001/chisholmlab/experiment_repository/2024/240826Chi/D24-13561-6880L/240826Chi_D24-13561_2_sequence.fastq
240826Chi_D24-13557	/orcd/data/chisholm/001/chisholmlab/experiment_repository/2024/240826Chi/D24-13557-6880L/240826Chi_D24-13557_1_sequence.fastq	/orcd/data/chisholm/001/chisholmlab/experiment_repository/2024/240826Chi/D24-13557-6880L/240826Chi_D24-13557_2_sequence.fastq
240826Chi_D24-13560	/orcd/data/chisholm/001/chisholmlab/experiment_repository/2024/240826Chi/D24-13560-6880L/240826Chi_D24-13560_1_sequence.fastq	/orcd/data/chisholm/001/chisholmlab/experiment_repository/2024/240826Chi/D24-13560-6880L/240826Chi_D24-13560_2_sequence.fastq
240826Chi_D24-13558	/orcd/data/chisholm/001/chisholmlab/experiment_repository/2024/240826Chi/D24-13558-6880L/240826Chi_D24-13558_1_sequence.fastq	/orcd/data/chisholm/001/chisholmlab/experiment_repository/2024/240826Chi/D24-13558-6880L/240826Chi_D24-13558_2_sequence.fastq
240826Chi_D24-13559	/orcd/data/chisholm/001/chisholmlab/experiment_repository/2024/240826Chi/D24-13559-6880L/240826Chi_D24-13559_1_sequence.fastq	/orcd/data/chisholm/001/chisholmlab/experiment_repository/2024/240826Chi/D24-13559-6880L/240826Chi_D24-13559_2_sequence.fastq
240826Chi_D24-13562	/orcd/data/chisholm/001/chisholmlab/experiment_repository/2024/240826Chi/D24-13562-6880L/240826Chi_D24-13562_1_sequence.fastq	/orcd/data/chisholm/001/chisholmlab/experiment_repository/2024/240826Chi/D24-13562-6880L/240826Chi_D24-13562_2_sequence.fastq
240826Chi_D24-13569	/orcd/data/chisholm/001/chisholmlab/experiment_repository/2024/240826Chi/D24-13569-6880L/240826Chi_D24-13569_1_sequence.fastq	/orcd/data/chisholm/001/chisholmlab/experiment_repository/2024/240826Chi/D24-13569-6880L/240826Chi_D24-13569_2_sequence.fastq
240826Chi_D24-13571	/orcd/data/chisholm/001/chisholmlab/experiment_repository/2024/240826Chi/D24-13571-6880L/240826Chi_D24-13571_1_sequence.fastq	/orcd/data/chisholm/001/chisholmlab/experiment_repository/2024/240826Chi/D24-13571-6880L/240826Chi_D24-13571_2_sequence.fastq
240826Chi_D24-13570	/orcd/data/chisholm/001/chisholmlab/experiment_repository/2024/240826Chi/D24-13570-6880L/240826Chi_D24-13570_1_sequence.fastq	/orcd/data/chisholm/001/chisholmlab/experiment_repository/2024/240826Chi/D24-13570-6880L/240826Chi_D24-13570_2_sequence.fastq
240826Chi_D24-13556	/orcd/data/chisholm/001/chisholmlab/experiment_repository/2024/240826Chi/D24-13556-6880L/240826Chi_D24-13556_1_sequence.fastq	/orcd/data/chisholm/001/chisholmlab/experiment_repository/2024/240826Chi/D24-13556-6880L/240826Chi_D24-13556_2_sequence.fastq
240826Chi_D24-13554	/orcd/data/chisholm/001/chisholmlab/experiment_repository/2024/240826Chi/D24-13554-6880L/240826Chi_D24-13554_1_sequence.fastq	/orcd/data/chisholm/001/chisholmlab/experiment_repository/2024/240826Chi/D24-13554-6880L/240826Chi_D24-13554_2_sequence.fastq
240826Chi_D24-13563	/orcd/data/chisholm/001/chisholmlab/experiment_repository/2024/240826Chi/D24-13563-6880L/240826Chi_D24-13563_1_sequence.fastq	/orcd/data/chisholm/001/chisholmlab/experiment_repository/2024/240826Chi/D24-13563-6880L/240826Chi_D24-13563_2_sequence.fastq
240826Chi_D24-13555	/orcd/data/chisholm/001/chisholmlab/experiment_repository/2024/240826Chi/D24-13555-6880L/240826Chi_D24-13555_1_sequence.fastq	/orcd/data/chisholm/001/chisholmlab/experiment_repository/2024/240826Chi/D24-13555-6880L/240826Chi_D24-13555_2_sequence.fastq
240826Chi_D24-13565	/orcd/data/chisholm/001/chisholmlab/experiment_repository/2024/240826Chi/D24-13565-6880L/240826Chi_D24-13565_1_sequence.fastq	/orcd/data/chisholm/001/chisholmlab/experiment_repository/2024/240826Chi/D24-13565-6880L/240826Chi_D24-13565_2_sequence.fastq
240826Chi_D24-13568	/orcd/data/chisholm/001/chisholmlab/experiment_repository/2024/240826Chi/D24-13568-6880L/240826Chi_D24-13568_1_sequence.fastq	/orcd/data/chisholm/001/chisholmlab/experiment_repository/2024/240826Chi/D24-13568-6880L/240826Chi_D24-13568_2_sequence.fastq
240826Chi_D24-13564	/orcd/data/chisholm/001/chisholmlab/experiment_repository/2024/240826Chi/D24-13564-6880L/240826Chi_D24-13564_1_sequence.fastq	/orcd/data/chisholm/001/chisholmlab/experiment_repository/2024/240826Chi/D24-13564-6880L/240826Chi_D24-13564_2_sequence.fastq
240826Chi_D24-13567	/orcd/data/chisholm/001/chisholmlab/experiment_repository/2024/240826Chi/D24-13567-6880L/240826Chi_D24-13567_1_sequence.fastq	/orcd/data/chisholm/001/chisholmlab/experiment_repository/2024/240826Chi/D24-13567-6880L/240826Chi_D24-13567_2_sequence.fastq
240826Chi_D24-13566	/orcd/data/chisholm/001/chisholmlab/experiment_repository/2024/240826Chi/D24-13566-6880L/240826Chi_D24-13566_1_sequence.fastq	/orcd/data/chisholm/001/chisholmlab/experiment_repository/2024/240826Chi/D24-13566-6880L/240826Chi_D24-13566_2_sequence.fastq
240826Chi_D24-13577	/orcd/data/chisholm/001/chisholmlab/experiment_repository/2024/240826Chi/D24-13577-6880L/240826Chi_D24-13577_1_sequence.fastq	/orcd/data/chisholm/001/chisholmlab/experiment_repository/2024/240826Chi/D24-13577-6880L/240826Chi_D24-13577_2_sequence.fastq
240826Chi_D24-13576	/orcd/data/chisholm/001/chisholmlab/experiment_repository/2024/240826Chi/D24-13576-6880L/240826Chi_D24-13576_1_sequence.fastq	/orcd/data/chisholm/001/chisholmlab/experiment_repository/2024/240826Chi/D24-13576-6880L/240826Chi_D24-13576_2_sequence.fastq
240826Chi_D24-13575	/orcd/data/chisholm/001/chisholmlab/experiment_repository/2024/240826Chi/D24-13575-6880L/240826Chi_D24-13575_1_sequence.fastq	/orcd/data/chisholm/001/chisholmlab/experiment_repository/2024/240826Chi/D24-13575-6880L/240826Chi_D24-13575_2_sequence.fastq
240826Chi_D24-13579	/orcd/data/chisholm/001/chisholmlab/experiment_repository/2024/240826Chi/D24-13579-6880L/240826Chi_D24-13579_1_sequence.fastq	/orcd/data/chisholm/001/chisholmlab/experiment_repository/2024/240826Chi/D24-13579-6880L/240826Chi_D24-13579_2_sequence.fastq
240826Chi_D24-13574	/orcd/data/chisholm/001/chisholmlab/experiment_repository/2024/240826Chi/D24-13574-6880L/240826Chi_D24-13574_1_sequence.fastq	/orcd/data/chisholm/001/chisholmlab/experiment_repository/2024/240826Chi/D24-13574-6880L/240826Chi_D24-13574_2_sequence.fastq
240826Chi_D24-13578	/orcd/data/chisholm/001/chisholmlab/experiment_repository/2024/240826Chi/D24-13578-6880L/240826Chi_D24-13578_1_sequence.fastq	/orcd/data/chisholm/001/chisholmlab/experiment_repository/2024/240826Chi/D24-13578-6880L/240826Chi_D24-13578_2_sequence.fastq
240826Chi_D24-13573	/orcd/data/chisholm/001/chisholmlab/experiment_repository/2024/240826Chi/D24-13573-6880L/240826Chi_D24-13573_1_sequence.fastq	/orcd/data/chisholm/001/chisholmlab/experiment_repository/2024/240826Chi/D24-13573-6880L/240826Chi_D24-13573_2_sequence.fastq
240826Chi_D24-13572	/orcd/data/chisholm/001/chisholmlab/experiment_repository/2024/240826Chi/D24-13572-6880L/240826Chi_D24-13572_1_sequence.fastq	/orcd/data/chisholm/001/chisholmlab/experiment_repository/2024/240826Chi/D24-13572-6880L/240826Chi_D24-13572_2_sequence.fastq
240826Chi_D24-13580	/orcd/data/chisholm/001/chisholmlab/experiment_repository/2024/240826Chi/D24-13580-6880L/240826Chi_D24-13580_1_sequence.fastq	/orcd/data/chisholm/001/chisholmlab/experiment_repository/2024/240826Chi/D24-13580-6880L/240826Chi_D24-13580_2_sequence.fastq
